pdbinfo_chain,idx,A,C,D,E,F,G,H,I,K,L,M,N,P,Q,R,S,T,V,W,Y
2fde_pose4_corrected_A,1,0.042633056640625,0.0221405029296875,0.04376220703125,0.0592041015625,0.021820068359375,0.02142333984375,0.0274505615234375,0.02862548828125,0.08355712890625,0.026702880859375,0.135986328125,0.03826904296875,0.13916015625,0.07781982421875,0.068603515625,0.047760009765625,0.0401611328125,0.0313720703125,0.0211639404296875,0.0223846435546875
2fde_pose4_corrected_A,2,0.0283203125,0.11431884765625,0.08172607421875,0.06011962890625,0.0188446044921875,0.0188446044921875,0.039642333984375,0.04608154296875,0.0859375,0.0261993408203125,0.03472900390625,0.050201416015625,0.0206298828125,0.055633544921875,0.08050537109375,0.04571533203125,0.06097412109375,0.093505859375,0.0188446044921875,0.0191192626953125
2fde_pose4_corrected_A,3,0.02337646484375,0.02325439453125,0.02325439453125,0.0232696533203125,0.048492431640625,0.02325439453125,0.0255584716796875,0.2109375,0.040863037109375,0.2008056640625,0.1072998046875,0.02325439453125,0.02325439453125,0.0267486572265625,0.03741455078125,0.023284912109375,0.0232696533203125,0.032928466796875,0.0238189697265625,0.03558349609375
2fde_pose4_corrected_A,4,0.03125,0.0236053466796875,0.158447265625,0.1387939453125,0.0210113525390625,0.0210113525390625,0.0361328125,0.0214385986328125,0.06890869140625,0.0213623046875,0.025360107421875,0.05938720703125,0.0221099853515625,0.07159423828125,0.0418701171875,0.07061767578125,0.09918212890625,0.025787353515625,0.0210113525390625,0.0210113525390625
2fde_pose4_corrected_A,5,0.01433563232421875,0.01471710205078125,0.01434326171875,0.014495849609375,0.0202484130859375,0.01727294921875,0.019439697265625,0.022735595703125,0.01433563232421875,0.681640625,0.0178375244140625,0.01629638671875,0.01467132568359375,0.015289306640625,0.01435089111328125,0.0147552490234375,0.0211334228515625,0.0219573974609375,0.014862060546875,0.01519012451171875
2fde_pose4_corrected_A,6,0.0276641845703125,0.0214691162109375,0.11297607421875,0.047149658203125,0.0266265869140625,0.0219573974609375,0.068603515625,0.021636962890625,0.0477294921875,0.0230560302734375,0.0248565673828125,0.06500244140625,0.0214385986328125,0.04669189453125,0.04522705078125,0.136962890625,0.10394287109375,0.023284912109375,0.07635498046875,0.03741455078125
2fde_pose4_corrected_A,7,0.042572021484375,0.0226898193359375,0.03912353515625,0.10943603515625,0.037353515625,0.019989013671875,0.09881591796875,0.0262908935546875,0.10443115234375,0.023040771484375,0.0200653076171875,0.04095458984375,0.019989013671875,0.104248046875,0.0576171875,0.05755615234375,0.0863037109375,0.034942626953125,0.020111083984375,0.034423828125
2fde_pose4_corrected_A,8,0.01317596435546875,0.0162811279296875,0.01296234130859375,0.01300048828125,0.01296234130859375,0.01296234130859375,0.01296234130859375,0.01296234130859375,0.01340484619140625,0.0135345458984375,0.03143310546875,0.012969970703125,0.7275390625,0.0137481689453125,0.0147857666015625,0.012969970703125,0.01296234130859375,0.01296234130859375,0.01346588134765625,0.012969970703125
2fde_pose4_corrected_A,9,0.0025348663330078125,0.00276947021484375,0.0025348663330078125,0.002532958984375,0.002532958984375,0.0025310516357421875,0.0025310516357421875,0.0025310516357421875,0.002532958984375,0.002532958984375,0.0025310516357421875,0.002532958984375,0.95166015625,0.002532958984375,0.0025348663330078125,0.0025348663330078125,0.002532958984375,0.002532958984375,0.002532958984375,0.002532958984375
2fde_pose4_corrected_A,10,0.030426025390625,0.031494140625,0.030303955078125,0.031951904296875,0.16943359375,0.030303955078125,0.048431396484375,0.03070068359375,0.064453125,0.050506591796875,0.061248779296875,0.0304107666015625,0.030303955078125,0.033111572265625,0.041290283203125,0.03070068359375,0.031524658203125,0.03045654296875,0.048187255859375,0.144775390625
2fde_pose4_corrected_A,11,0.017120361328125,0.0254058837890625,0.017120361328125,0.0184173583984375,0.0172882080078125,0.017120361328125,0.0171051025390625,0.024322509765625,0.017120361328125,0.017120361328125,0.0171051025390625,0.017120361328125,0.0171051025390625,0.01904296875,0.0171356201171875,0.01715087890625,0.0228271484375,0.64990234375,0.0171356201171875,0.0171356201171875
2fde_pose4_corrected_A,12,0.02130126953125,0.0202484130859375,0.056488037109375,0.047607421875,0.02117919921875,0.0235443115234375,0.06793212890625,0.0276336669921875,0.06719970703125,0.042449951171875,0.04266357421875,0.087646484375,0.0197906494140625,0.193115234375,0.0648193359375,0.047149658203125,0.0750732421875,0.027862548828125,0.0257110595703125,0.0206146240234375
2fde_pose4_corrected_A,13,0.00757598876953125,0.01389312744140625,0.007343292236328125,0.007343292236328125,0.007339477539062499,0.007339477539062499,0.00746917724609375,0.8388671875,0.007343292236328125,0.0092010498046875,0.00782012939453125,0.007339477539062499,0.007339477539062499,0.007339477539062499,0.007343292236328125,0.007381439208984374,0.007503509521484374,0.0195159912109375,0.00734710693359375,0.007343292236328125
2fde_pose4_corrected_A,14,0.0955810546875,0.060455322265625,0.02667236328125,0.0654296875,0.023223876953125,0.02398681640625,0.0235595703125,0.0244903564453125,0.138916015625,0.023223876953125,0.049835205078125,0.047821044921875,0.023223876953125,0.0408935546875,0.11358642578125,0.08087158203125,0.06719970703125,0.02410888671875,0.0232086181640625,0.023681640625
2fde_pose4_corrected_A,15,0.0132904052734375,0.013275146484375,0.01397705078125,0.0132904052734375,0.01328277587890625,0.01355743408203125,0.013275146484375,0.71337890625,0.01328277587890625,0.014068603515625,0.014068603515625,0.01328277587890625,0.013275146484375,0.0132904052734375,0.0132904052734375,0.01329803466796875,0.01329803466796875,0.044830322265625,0.01328277587890625,0.0132904052734375
2fde_pose4_corrected_A,16,0.09503173828125,0.0276641845703125,0.027679443359375,0.0276947021484375,0.027679443359375,0.357177734375,0.027679443359375,0.0276641845703125,0.0277252197265625,0.027679443359375,0.027679443359375,0.034149169921875,0.027679443359375,0.0276947021484375,0.027862548828125,0.070556640625,0.027679443359375,0.027679443359375,0.027679443359375,0.027740478515625
2fde_pose4_corrected_A,17,0.0270843505859375,0.0211181640625,0.12481689453125,0.046783447265625,0.021331787109375,0.20947265625,0.048919677734375,0.0211181640625,0.041748046875,0.0213623046875,0.0211181640625,0.1922607421875,0.0211181640625,0.03564453125,0.022613525390625,0.039031982421875,0.0211334228515625,0.0211181640625,0.0211181640625,0.0211334228515625
2fde_pose4_corrected_A,18,0.03302001953125,0.0261688232421875,0.03143310546875,0.200927734375,0.02618408203125,0.02618408203125,0.0303192138671875,0.02618408203125,0.07659912109375,0.0274505615234375,0.032135009765625,0.0293121337890625,0.02618408203125,0.2099609375,0.038360595703125,0.044921875,0.03594970703125,0.02618408203125,0.02618408203125,0.0261993408203125
2fde_pose4_corrected_A,19,0.022186279296875,0.02215576171875,0.030364990234375,0.07586669921875,0.09130859375,0.02215576171875,0.061798095703125,0.037017822265625,0.046142578125,0.0289459228515625,0.038665771484375,0.049713134765625,0.0221405029296875,0.04339599609375,0.040283203125,0.040283203125,0.09503173828125,0.036865234375,0.041900634765625,0.15380859375
2fde_pose4_corrected_A,20,0.026092529296875,0.025604248046875,0.025665283203125,0.025665283203125,0.091552734375,0.025634765625,0.10516357421875,0.025634765625,0.031585693359375,0.051727294921875,0.0257720947265625,0.0264434814453125,0.0256500244140625,0.0282440185546875,0.0709228515625,0.025665283203125,0.0256195068359375,0.025634765625,0.03240966796875,0.279296875
2fde_pose4_corrected_A,21,0.01922607421875,0.023590087890625,0.025238037109375,0.08795166015625,0.0192108154296875,0.01922607421875,0.0193328857421875,0.059600830078125,0.10369873046875,0.034576416015625,0.03424072265625,0.0301361083984375,0.0192108154296875,0.1011962890625,0.07440185546875,0.0207672119140625,0.2064208984375,0.0635986328125,0.01922607421875,0.0192108154296875
2fde_pose4_corrected_A,22,0.7138671875,0.0138397216796875,0.01427459716796875,0.01373291015625,0.0137176513671875,0.0138397216796875,0.0148468017578125,0.0137176513671875,0.01372528076171875,0.0137176513671875,0.01371002197265625,0.018890380859375,0.0137176513671875,0.01372528076171875,0.01372528076171875,0.03216552734375,0.0137176513671875,0.01372528076171875,0.0137176513671875,0.01372528076171875
2fde_pose4_corrected_A,23,0.0200653076171875,0.04315185546875,0.0200653076171875,0.0241241455078125,0.0200653076171875,0.0200653076171875,0.0200653076171875,0.0252838134765625,0.0217437744140625,0.453857421875,0.131103515625,0.0216064453125,0.0200653076171875,0.025665283203125,0.0246124267578125,0.0201263427734375,0.0237274169921875,0.023956298828125,0.0201873779296875,0.0205078125
2fde_pose4_corrected_A,24,0.024169921875,0.02618408203125,0.0241546630859375,0.0241851806640625,0.0241546630859375,0.024169921875,0.0241546630859375,0.220947265625,0.024169921875,0.26123046875,0.040130615234375,0.0241546630859375,0.0241546630859375,0.024169921875,0.0241851806640625,0.024200439453125,0.024169921875,0.08892822265625,0.0241546630859375,0.024169921875
2fde_pose4_corrected_A,25,0.0133819580078125,0.015869140625,0.77587890625,0.01056671142578125,0.01055908203125,0.01090240478515625,0.01055908203125,0.01055908203125,0.01056671142578125,0.01056671142578125,0.01062774658203125,0.01210784912109375,0.01056671142578125,0.0105743408203125,0.0105743408203125,0.0233306884765625,0.01085662841796875,0.0110015869140625,0.01056671142578125,0.01056671142578125
2fde_pose4_corrected_A,26,0.039337158203125,0.0150146484375,0.01546478271484375,0.0148162841796875,0.0975341796875,0.01479339599609375,0.01483154296875,0.01479339599609375,0.014801025390625,0.01480865478515625,0.021148681640625,0.0165863037109375,0.01483917236328125,0.014801025390625,0.014801025390625,0.26416015625,0.348388671875,0.01486968994140625,0.0163421630859375,0.0178375244140625
2fde_pose4_corrected_A,27,0.11029052734375,0.1317138671875,0.04473876953125,0.020660400390625,0.0242462158203125,0.268310546875,0.034912109375,0.02447509765625,0.020233154296875,0.0278167724609375,0.0273284912109375,0.07080078125,0.0199432373046875,0.0199432373046875,0.0208892822265625,0.045623779296875,0.0202178955078125,0.01995849609375,0.02044677734375,0.0274658203125
2fde_pose4_corrected_A,28,0.28515625,0.0213623046875,0.0275421142578125,0.03668212890625,0.0213165283203125,0.043853759765625,0.035552978515625,0.02130126953125,0.0248870849609375,0.0215911865234375,0.021697998046875,0.045806884765625,0.02130126953125,0.033966064453125,0.024383544921875,0.222900390625,0.0253143310546875,0.0213165283203125,0.0213470458984375,0.0226287841796875
2fde_pose4_corrected_A,29,0.048187255859375,0.019256591796875,0.08795166015625,0.076904296875,0.0196685791015625,0.019256591796875,0.0294647216796875,0.04150390625,0.11859130859375,0.0213165283203125,0.0218353271484375,0.05792236328125,0.0200042724609375,0.057586669921875,0.126708984375,0.04730224609375,0.07080078125,0.0770263671875,0.019500732421875,0.019287109375
2fde_pose4_corrected_A,30,0.021026611328125,0.02294921875,0.26416015625,0.0733642578125,0.029937744140625,0.020172119140625,0.09246826171875,0.0199127197265625,0.0267791748046875,0.021331787109375,0.04144287109375,0.0780029296875,0.0200653076171875,0.049468994140625,0.0241851806640625,0.042144775390625,0.031494140625,0.037506103515625,0.021575927734375,0.06207275390625
2fde_pose4_corrected_A,31,0.002605438232421875,0.004596710205078125,0.002201080322265625,0.0021991729736328125,0.0021991729736328125,0.0021991729736328125,0.0021991729736328125,0.0021991729736328125,0.002201080322265625,0.0021991729736328125,0.0021991729736328125,0.0022258758544921875,0.0021991729736328125,0.002201080322265625,0.002201080322265625,0.0039825439453125,0.95361328125,0.002391815185546875,0.0021991729736328125,0.0021991729736328125
2fde_pose4_corrected_A,32,0.023773193359375,0.021453857421875,0.020782470703125,0.0227813720703125,0.024200439453125,0.0202789306640625,0.0204315185546875,0.08978271484375,0.0203094482421875,0.050689697265625,0.042724609375,0.0245208740234375,0.0202789306640625,0.0222320556640625,0.0212249755859375,0.0213165283203125,0.05609130859375,0.427978515625,0.02337646484375,0.0256805419921875
2fde_pose4_corrected_A,33,0.01470947265625,0.01468658447265625,0.0147857666015625,0.01470947265625,0.0232086181640625,0.01468658447265625,0.01468658447265625,0.019012451171875,0.01473236083984375,0.69189453125,0.017974853515625,0.01468658447265625,0.01468658447265625,0.01470947265625,0.01471710205078125,0.01470184326171875,0.0146942138671875,0.0272064208984375,0.0146942138671875,0.01476287841796875
2fde_pose4_corrected_A,34,0.0254364013671875,0.0298919677734375,0.021759033203125,0.0341796875,0.0209808349609375,0.0209808349609375,0.04718017578125,0.035980224609375,0.220458984375,0.0211944580078125,0.04388427734375,0.054779052734375,0.0210418701171875,0.0902099609375,0.136962890625,0.0260772705078125,0.045379638671875,0.0615234375,0.02105712890625,0.0209808349609375
2fde_pose4_corrected_A,35,0.054534912109375,0.022857666015625,0.057281494140625,0.1444091796875,0.023895263671875,0.0228424072265625,0.0380859375,0.0239410400390625,0.07525634765625,0.023590087890625,0.056793212890625,0.042816162109375,0.1072998046875,0.10089111328125,0.039825439453125,0.054229736328125,0.03900146484375,0.0255584716796875,0.02288818359375,0.02398681640625
2fde_pose4_corrected_A,36,0.01497650146484375,0.02471923828125,0.01495361328125,0.0149688720703125,0.1431884765625,0.01540374755859375,0.0206756591796875,0.0171661376953125,0.01496124267578125,0.04180908203125,0.53466796875,0.01495361328125,0.01494598388671875,0.01666259765625,0.01666259765625,0.01497650146484375,0.01495361328125,0.01495361328125,0.0159454345703125,0.01837158203125
2fde_pose4_corrected_A,37,0.0665283203125,0.0206451416015625,0.1434326171875,0.126953125,0.02203369140625,0.0206451416015625,0.055419921875,0.0209503173828125,0.09197998046875,0.020660400390625,0.0224456787109375,0.06170654296875,0.02130126953125,0.0684814453125,0.05328369140625,0.060821533203125,0.04302978515625,0.0266265869140625,0.0277099609375,0.0252838134765625
2fde_pose4_corrected_A,38,0.0222320556640625,0.022216796875,0.0222320556640625,0.022247314453125,0.022216796875,0.022216796875,0.022216796875,0.0819091796875,0.0222320556640625,0.38525390625,0.072265625,0.022216796875,0.022216796875,0.022247314453125,0.0222320556640625,0.022247314453125,0.0231781005859375,0.10406494140625,0.0222320556640625,0.0222320556640625
2fde_pose4_corrected_A,39,0.05267333984375,0.0205841064453125,0.0791015625,0.07379150390625,0.0220489501953125,0.056732177734375,0.052764892578125,0.0206146240234375,0.06494140625,0.0223541259765625,0.033172607421875,0.060516357421875,0.1448974609375,0.06396484375,0.0426025390625,0.07977294921875,0.045257568359375,0.0207061767578125,0.02117919921875,0.0225067138671875
2fde_pose4_corrected_A,40,0.0018339157104492188,0.0018310546875,0.0018329620361328125,0.0018339157104492188,0.0018329620361328125,0.96533203125,0.0018320083618164065,0.0018320083618164065,0.0018339157104492188,0.0018329620361328125,0.0018310546875,0.0018320083618164065,0.0018320083618164065,0.0018329620361328125,0.0018367767333984373,0.0018348693847656248,0.0018329620361328125,0.0018320083618164065,0.0018339157104492188,0.001837730407714844
2fde_pose4_corrected_A,41,0.031341552734375,0.0235443115234375,0.05169677734375,0.052520751953125,0.023590087890625,0.0250396728515625,0.0240020751953125,0.0233306884765625,0.03936767578125,0.0233306884765625,0.0233306884765625,0.036163330078125,0.3837890625,0.0302886962890625,0.0256500244140625,0.0723876953125,0.03973388671875,0.0237884521484375,0.0233306884765625,0.0236663818359375
2fde_pose4_corrected_A,42,0.0172882080078125,0.0186004638671875,0.0179901123046875,0.0172882080078125,0.107421875,0.0172882080078125,0.055389404296875,0.01727294921875,0.017303466796875,0.0172882080078125,0.0173187255859375,0.0172882080078125,0.01727294921875,0.0172882080078125,0.0174407958984375,0.0253753662109375,0.0172882080078125,0.0172882080078125,0.440673828125,0.1094970703125
2fde_pose4_corrected_A,43,0.028900146484375,0.033111572265625,0.0257415771484375,0.07000732421875,0.026214599609375,0.0210113525390625,0.046142578125,0.0257110595703125,0.1378173828125,0.02191162109375,0.0287322998046875,0.038726806640625,0.0210113525390625,0.09124755859375,0.1053466796875,0.05438232421875,0.11505126953125,0.04461669921875,0.028076171875,0.0362548828125
2fde_pose4_corrected_A,44,0.022430419921875,0.0204315185546875,0.03594970703125,0.0310516357421875,0.020416259765625,0.020416259765625,0.0271148681640625,0.020416259765625,0.0274810791015625,0.0206146240234375,0.02691650390625,0.031524658203125,0.537109375,0.026702880859375,0.02276611328125,0.021820068359375,0.021270751953125,0.0204315185546875,0.02459716796875,0.0204315185546875
2fde_pose4_corrected_A,45,0.0233917236328125,0.022369384765625,0.020721435546875,0.0276947021484375,0.02069091796875,0.02069091796875,0.0287017822265625,0.057037353515625,0.311767578125,0.0253143310546875,0.0252838134765625,0.02392578125,0.02069091796875,0.047515869140625,0.1611328125,0.0240020751953125,0.03753662109375,0.06011962890625,0.02069091796875,0.0207366943359375
2fde_pose4_corrected_A,46,0.027557373046875,0.0215911865234375,0.02667236328125,0.27392578125,0.021026611328125,0.021026611328125,0.02276611328125,0.0228271484375,0.050506591796875,0.021026611328125,0.0450439453125,0.0260772705078125,0.0211029052734375,0.10040283203125,0.037689208984375,0.1104736328125,0.08441162109375,0.0238494873046875,0.021026611328125,0.02105712890625
2fde_pose4_corrected_A,47,0.0204010009765625,0.0206298828125,0.0204010009765625,0.0222015380859375,0.0203857421875,0.0203857421875,0.02197265625,0.5498046875,0.0258026123046875,0.035736083984375,0.02398681640625,0.0203857421875,0.0205230712890625,0.0204010009765625,0.0204010009765625,0.020416259765625,0.0209808349609375,0.054107666015625,0.0204010009765625,0.0205841064453125
2fde_pose4_corrected_A,48,0.02960205078125,0.09375,0.0255584716796875,0.041168212890625,0.0227203369140625,0.30908203125,0.029632568359375,0.0229644775390625,0.03924560546875,0.0227203369140625,0.03509521484375,0.03741455078125,0.0227508544921875,0.0799560546875,0.0479736328125,0.038482666015625,0.029998779296875,0.0236663818359375,0.023406982421875,0.0247955322265625
2fde_pose4_corrected_A,49,0.001369476318359375,0.001369476318359375,0.001369476318359375,0.001369476318359375,0.001369476318359375,0.97412109375,0.001369476318359375,0.001369476318359375,0.0013704299926757812,0.001369476318359375,0.0013685226440429688,0.001369476318359375,0.0013685226440429688,0.0013704299926757812,0.0013704299926757812,0.001369476318359375,0.001369476318359375,0.001369476318359375,0.0013704299926757812,0.0013704299926757812
2fde_pose4_corrected_A,50,0.07440185546875,0.0308380126953125,0.052642822265625,0.046783447265625,0.04620361328125,0.023193359375,0.04888916015625,0.0599365234375,0.028656005859375,0.1270751953125,0.045989990234375,0.04217529296875,0.0234222412109375,0.053558349609375,0.0330810546875,0.061767578125,0.0787353515625,0.05010986328125,0.0282440185546875,0.044281005859375
2fde_pose4_corrected_A,51,0.00223541259765625,0.00223541259765625,0.00223541259765625,0.0022373199462890625,0.00223541259765625,0.95751953125,0.0022373199462890625,0.00223541259765625,0.00223541259765625,0.0022373199462890625,0.00223541259765625,0.0022373199462890625,0.00223541259765625,0.0022373199462890625,0.0022449493408203125,0.0022373199462890625,0.00223541259765625,0.0022373199462890625,0.0022373199462890625,0.0022373199462890625
2fde_pose4_corrected_A,52,0.00390625,0.0038967132568359375,0.0038986206054687504,0.0038967132568359375,0.003894805908203125,0.92578125,0.003894805908203125,0.0038967132568359375,0.0038967132568359375,0.0038967132568359375,0.003894805908203125,0.0039005279541015625,0.003894805908203125,0.0038967132568359375,0.0038986206054687504,0.003910064697265625,0.0038967132568359375,0.0038986206054687504,0.003894805908203125,0.0038967132568359375
2fde_pose4_corrected_A,53,0.03045654296875,0.0222625732421875,0.0279083251953125,0.15673828125,0.04315185546875,0.0223236083984375,0.033721923828125,0.0318603515625,0.054595947265625,0.0222930908203125,0.0416259765625,0.0303497314453125,0.02227783203125,0.06640625,0.036895751953125,0.11614990234375,0.1473388671875,0.035736083984375,0.0222930908203125,0.0355224609375
2fde_pose4_corrected_A,54,0.0255584716796875,0.0237274169921875,0.0249176025390625,0.02838134765625,0.0237579345703125,0.0240325927734375,0.0237274169921875,0.1492919921875,0.0252685546875,0.052886962890625,0.34765625,0.02374267578125,0.0237274169921875,0.029998779296875,0.0239105224609375,0.0257110595703125,0.0294952392578125,0.046600341796875,0.023773193359375,0.0237579345703125
2fde_pose4_corrected_A,55,0.0272979736328125,0.0313720703125,0.024078369140625,0.1080322265625,0.02093505859375,0.0204315185546875,0.02264404296875,0.05120849609375,0.101318359375,0.0369873046875,0.0247955322265625,0.050140380859375,0.0208587646484375,0.077880859375,0.1014404296875,0.052825927734375,0.12255859375,0.062744140625,0.0205078125,0.0218963623046875
2fde_pose4_corrected_A,56,0.01500701904296875,0.6396484375,0.013885498046875,0.01389312744140625,0.01401519775390625,0.01387786865234375,0.01387786865234375,0.0194549560546875,0.01425933837890625,0.0205535888671875,0.01439666748046875,0.013885498046875,0.01387786865234375,0.013885498046875,0.01389312744140625,0.01389312744140625,0.0164031982421875,0.0936279296875,0.013885498046875,0.013885498046875
2fde_pose4_corrected_A,57,0.022247314453125,0.0251312255859375,0.041717529296875,0.0267181396484375,0.05633544921875,0.02191162109375,0.030181884765625,0.0219268798828125,0.2578125,0.10400390625,0.04779052734375,0.029815673828125,0.0218963623046875,0.03668212890625,0.07916259765625,0.032440185546875,0.02191162109375,0.02191162109375,0.038238525390625,0.06207275390625
2fde_pose4_corrected_A,58,0.195068359375,0.028472900390625,0.02581787109375,0.06549072265625,0.0239715576171875,0.040435791015625,0.0239105224609375,0.0239105224609375,0.038330078125,0.026641845703125,0.06622314453125,0.0240631103515625,0.02392578125,0.08642578125,0.03839111328125,0.162353515625,0.034698486328125,0.02392578125,0.0239105224609375,0.02392578125
2fde_pose4_corrected_A,59,0.0250396728515625,0.0250244140625,0.0250396728515625,0.025054931640625,0.0828857421875,0.0250396728515625,0.0321044921875,0.0250244140625,0.0250396728515625,0.0250396728515625,0.025054931640625,0.0250396728515625,0.0251007080078125,0.0250396728515625,0.025054931640625,0.0251007080078125,0.0250396728515625,0.0250396728515625,0.0250396728515625,0.459228515625
2fde_pose4_corrected_A,60,0.0253143310546875,0.057464599609375,0.10015869140625,0.2100830078125,0.024658203125,0.02935791015625,0.0246429443359375,0.0246429443359375,0.03533935546875,0.024658203125,0.0455322265625,0.08123779296875,0.0246429443359375,0.10589599609375,0.032745361328125,0.040740966796875,0.03887939453125,0.024658203125,0.024658203125,0.024658203125
2fde_pose4_corrected_A,61,0.02996826171875,0.0240020751953125,0.10662841796875,0.0634765625,0.0225677490234375,0.0310211181640625,0.07147216796875,0.0225677490234375,0.055267333984375,0.023345947265625,0.0225677490234375,0.2315673828125,0.0225677490234375,0.074951171875,0.039520263671875,0.0606689453125,0.0229949951171875,0.0225677490234375,0.027862548828125,0.024383544921875
2fde_pose4_corrected_A,62,0.0224151611328125,0.03466796875,0.02239990234375,0.0262298583984375,0.02239990234375,0.02239990234375,0.0223846435546875,0.375732421875,0.02459716796875,0.0225372314453125,0.034698486328125,0.02239990234375,0.0223846435546875,0.104248046875,0.027435302734375,0.022430419921875,0.0271453857421875,0.09869384765625,0.0224151611328125,0.0224151611328125
2fde_pose4_corrected_A,63,0.0303802490234375,0.0196533203125,0.045928955078125,0.07550048828125,0.020843505859375,0.021759033203125,0.027130126953125,0.0196533203125,0.04620361328125,0.0198211669921875,0.028106689453125,0.057159423828125,0.40869140625,0.03253173828125,0.0259552001953125,0.0278472900390625,0.02117919921875,0.0200653076171875,0.031494140625,0.0201568603515625
2fde_pose4_corrected_A,64,0.01450347900390625,0.01450347900390625,0.01450347900390625,0.0145416259765625,0.01450347900390625,0.01450347900390625,0.014495849609375,0.67919921875,0.01450347900390625,0.0199737548828125,0.036712646484375,0.0145111083984375,0.0145111083984375,0.01450347900390625,0.0145111083984375,0.0145111083984375,0.0157928466796875,0.030487060546875,0.01450347900390625,0.0145111083984375
2fde_pose4_corrected_A,65,0.018402099609375,0.0212554931640625,0.041717529296875,0.336181640625,0.0183868408203125,0.018890380859375,0.0245819091796875,0.06170654296875,0.025238037109375,0.0189056396484375,0.02325439453125,0.0290679931640625,0.0183868408203125,0.035919189453125,0.019561767578125,0.024444580078125,0.151123046875,0.0745849609375,0.0200042724609375,0.018402099609375
2fde_pose4_corrected_A,66,0.0225830078125,0.0225982666015625,0.0225830078125,0.0225830078125,0.0225830078125,0.0225830078125,0.0225677490234375,0.475830078125,0.0225830078125,0.0225830078125,0.0225677490234375,0.0225830078125,0.0225677490234375,0.0225830078125,0.0227203369140625,0.022613525390625,0.0229644775390625,0.11700439453125,0.0225982666015625,0.0225830078125
2fde_pose4_corrected_A,67,0.076904296875,0.354248046875,0.09881591796875,0.02764892578125,0.0261077880859375,0.01953125,0.033050537109375,0.0215911865234375,0.019439697265625,0.0304412841796875,0.024627685546875,0.0699462890625,0.0182342529296875,0.02142333984375,0.02056884765625,0.041778564453125,0.020477294921875,0.0193023681640625,0.0215301513671875,0.034332275390625
2fde_pose4_corrected_A,68,0.003009796142578125,0.003009796142578125,0.003009796142578125,0.003011703491210937,0.003009796142578125,0.94287109375,0.003009796142578125,0.003009796142578125,0.003011703491210937,0.003011703491210937,0.003011703491210937,0.003011703491210937,0.003009796142578125,0.003017425537109375,0.003011703491210937,0.00301361083984375,0.003009796142578125,0.003009796142578125,0.003009796142578125,0.003009796142578125
2fde_pose4_corrected_A,69,0.0272369384765625,0.0259857177734375,0.029205322265625,0.052764892578125,0.033294677734375,0.02099609375,0.0987548828125,0.0289764404296875,0.1895751953125,0.0267181396484375,0.0218048095703125,0.036468505859375,0.0209808349609375,0.0872802734375,0.119384765625,0.044830322265625,0.032135009765625,0.0313720703125,0.0316162109375,0.04058837890625
2fde_pose4_corrected_A,70,0.045318603515625,0.0213623046875,0.02178955078125,0.061981201171875,0.0213623046875,0.0213623046875,0.0213623046875,0.0214691162109375,0.301513671875,0.022674560546875,0.026763916015625,0.0213775634765625,0.0291900634765625,0.1019287109375,0.1265869140625,0.042205810546875,0.02752685546875,0.0213623046875,0.0213470458984375,0.021453857421875
2fde_pose4_corrected_A,71,0.395751953125,0.0298919677734375,0.0192718505859375,0.019287109375,0.0192718505859375,0.0192718505859375,0.0192718505859375,0.0214691162109375,0.019287109375,0.01959228515625,0.019287109375,0.0192718505859375,0.019287109375,0.0192718505859375,0.019287109375,0.041656494140625,0.07672119140625,0.164306640625,0.019287109375,0.019287109375
2fde_pose4_corrected_A,72,0.0252685546875,0.0311737060546875,0.0260467529296875,0.06103515625,0.0249481201171875,0.0249786376953125,0.0249481201171875,0.0712890625,0.052734375,0.0277252197265625,0.0278472900390625,0.0262451171875,0.0249481201171875,0.050994873046875,0.05401611328125,0.06207275390625,0.259765625,0.0740966796875,0.0249481201171875,0.02496337890625
2fde_pose4_corrected_A,73,0.0020580291748046875,0.002193450927734375,0.002056121826171875,0.0020580291748046875,0.0020580291748046875,0.9609375,0.002056121826171875,0.002056121826171875,0.002056121826171875,0.002056121826171875,0.002056121826171875,0.002056121826171875,0.002056121826171875,0.0020580291748046875,0.0020580291748046875,0.0020599365234375,0.0020580291748046875,0.002056121826171875,0.0020599365234375,0.0020580291748046875
2fde_pose4_corrected_A,74,0.03900146484375,0.0233917236328125,0.06829833984375,0.06011962890625,0.0208740234375,0.021148681640625,0.0258026123046875,0.0250396728515625,0.06304931640625,0.0208740234375,0.0257110595703125,0.054229736328125,0.021942138671875,0.06475830078125,0.087158203125,0.07061767578125,0.236083984375,0.0301971435546875,0.0208740234375,0.0208740234375
2fde_pose4_corrected_A,75,0.0248260498046875,0.0259857177734375,0.0248260498046875,0.0248260498046875,0.024810791015625,0.024810791015625,0.024810791015625,0.419189453125,0.0248260498046875,0.0289154052734375,0.024810791015625,0.0248260498046875,0.024810791015625,0.0248260498046875,0.02484130859375,0.0248260498046875,0.024810791015625,0.12890625,0.0248260498046875,0.0248260498046875
2fde_pose4_corrected_A,76,0.020538330078125,0.02923583984375,0.0205535888671875,0.0208282470703125,0.02117919921875,0.020538330078125,0.037261962890625,0.0205535888671875,0.021270751953125,0.52294921875,0.0692138671875,0.0225677490234375,0.020538330078125,0.0258636474609375,0.0223541259765625,0.0212860107421875,0.0210113525390625,0.0206146240234375,0.020538330078125,0.0209808349609375
2fde_pose4_corrected_A,77,0.0173187255859375,0.0172882080078125,0.0172882080078125,0.0173797607421875,0.0172882080078125,0.0172882080078125,0.0172882080078125,0.59228515625,0.017303466796875,0.04888916015625,0.0172882080078125,0.0172882080078125,0.0172882080078125,0.0174407958984375,0.017303466796875,0.0174407958984375,0.0174560546875,0.0643310546875,0.0174560546875,0.0172882080078125
2fde_pose4_corrected_A,78,0.0008373260498046875,0.0008378028869628905,0.0008378028869628905,0.0008378028869628905,0.0008373260498046875,0.98388671875,0.0008373260498046875,0.0008373260498046875,0.0008382797241210938,0.0008378028869628905,0.0008373260498046875,0.0008373260498046875,0.0008368492126464843,0.0008378028869628905,0.0008382797241210938,0.0008378028869628905,0.0008373260498046875,0.0008373260498046875,0.0008382797241210938,0.0008378028869628905
2fde_pose4_corrected_A,79,0.0201568603515625,0.01751708984375,0.025177001953125,0.037689208984375,0.01751708984375,0.04449462890625,0.0175323486328125,0.0175323486328125,0.0225982666015625,0.01751708984375,0.017791748046875,0.0196380615234375,0.5791015625,0.027496337890625,0.01824951171875,0.0278167724609375,0.01971435546875,0.0175933837890625,0.017547607421875,0.0175323486328125
2fde_pose4_corrected_A,80,0.154052734375,0.10137939453125,0.034088134765625,0.026947021484375,0.025726318359375,0.025726318359375,0.025726318359375,0.03253173828125,0.025726318359375,0.0259552001953125,0.0257720947265625,0.03350830078125,0.0257110595703125,0.0423583984375,0.0257568359375,0.10638427734375,0.088623046875,0.12261962890625,0.0257415771484375,0.0257415771484375
2fde_pose4_corrected_A,81,0.002614974975585937,0.002614974975585937,0.002614974975585937,0.002614974975585937,0.002614974975585937,0.002613067626953125,0.002614974975585937,0.002613067626953125,0.002614974975585937,0.002614974975585937,0.002614974975585937,0.002614974975585937,0.9501953125,0.002614974975585937,0.00261688232421875,0.002614974975585937,0.002613067626953125,0.002614974975585937,0.002614974975585937,0.002614974975585937
2fde_pose4_corrected_A,82,0.043975830078125,0.0966796875,0.035430908203125,0.08905029296875,0.027130126953125,0.02301025390625,0.038299560546875,0.06689453125,0.0623779296875,0.0249481201171875,0.046356201171875,0.0291595458984375,0.02301025390625,0.08660888671875,0.07647705078125,0.045166015625,0.04290771484375,0.092529296875,0.02301025390625,0.0268707275390625
2fde_pose4_corrected_A,83,0.024078369140625,0.0240631103515625,0.0439453125,0.0261077880859375,0.046417236328125,0.0240936279296875,0.09912109375,0.024078369140625,0.024139404296875,0.024078369140625,0.0240631103515625,0.27783203125,0.02435302734375,0.0255279541015625,0.0254364013671875,0.0240936279296875,0.024078369140625,0.024078369140625,0.02587890625,0.1644287109375
2fde_pose4_corrected_A,84,0.0182037353515625,0.0233917236328125,0.0183258056640625,0.0228729248046875,0.031524658203125,0.0181884765625,0.04876708984375,0.3212890625,0.035919189453125,0.1387939453125,0.0274658203125,0.0195159912109375,0.0181884765625,0.0241546630859375,0.049407958984375,0.0185699462890625,0.0408935546875,0.053375244140625,0.0181884765625,0.0531005859375
2fde_pose4_corrected_A,85,0.005413055419921875,0.005405426025390625,0.005405426025390625,0.005405426025390625,0.005405426025390625,0.00540924072265625,0.005405426025390625,0.89013671875,0.005405426025390625,0.00579833984375,0.0054473876953125,0.005405426025390625,0.005405426025390625,0.005405426025390625,0.00540924072265625,0.00540924072265625,0.00540924072265625,0.01198577880859375,0.005405426025390625,0.005405426025390625
2fde_pose4_corrected_A,86,0.0005574226379394531,0.0005578994750976562,0.0005574226379394531,0.0005578994750976562,0.0005574226379394531,0.9892578125,0.0005574226379394531,0.0005574226379394531,0.0005588531494140625,0.0005574226379394531,0.0005574226379394531,0.0005578994750976562,0.0005574226379394531,0.0005583763122558594,0.0005583763122558594,0.0005574226379394531,0.0005583763122558594,0.0005578994750976562,0.0005574226379394531,0.0005578994750976562
2fde_pose4_corrected_A,87,0.0232391357421875,0.0305938720703125,0.01806640625,0.01806640625,0.018035888671875,0.018035888671875,0.018035888671875,0.035308837890625,0.0285797119140625,0.040740966796875,0.034027099609375,0.049957275390625,0.018951416015625,0.02899169921875,0.489013671875,0.0221710205078125,0.039093017578125,0.032989501953125,0.018035888671875,0.0180511474609375
2fde_pose4_corrected_A,88,0.016571044921875,0.0162353515625,0.0164794921875,0.017730712890625,0.013519287109375,0.013519287109375,0.01448822021484375,0.037750244140625,0.0322265625,0.0190582275390625,0.0144500732421875,0.6328125,0.013519287109375,0.0211334228515625,0.0238189697265625,0.0312347412109375,0.0171356201171875,0.021392822265625,0.013519287109375,0.013519287109375
2fde_pose4_corrected_A,89,0.0291748046875,0.0238189697265625,0.0220184326171875,0.022979736328125,0.05780029296875,0.0220489501953125,0.03662109375,0.02203369140625,0.02301025390625,0.29931640625,0.2109375,0.024932861328125,0.023406982421875,0.0224151611328125,0.0220947265625,0.024810791015625,0.02423095703125,0.0220184326171875,0.022064208984375,0.04425048828125
2fde_pose4_corrected_A,90,0.012176513671875,0.01348876953125,0.012176513671875,0.01218414306640625,0.012176513671875,0.012176513671875,0.0131988525390625,0.014739990234375,0.012176513671875,0.748046875,0.025177001953125,0.012176513671875,0.012176513671875,0.01446533203125,0.01239013671875,0.01218414306640625,0.012176513671875,0.01218414306640625,0.01226043701171875,0.01218414306640625
2fde_pose4_corrected_A,91,0.0550537109375,0.0251922607421875,0.0509033203125,0.092041015625,0.021240234375,0.021240234375,0.035247802734375,0.033843994140625,0.152099609375,0.0238494873046875,0.032440185546875,0.0352783203125,0.021453857421875,0.1368408203125,0.07562255859375,0.061859130859375,0.049896240234375,0.032318115234375,0.0212249755859375,0.0224151611328125
2fde_pose4_corrected_A,92,0.0231781005859375,0.02783203125,0.023773193359375,0.044586181640625,0.0218048095703125,0.028961181640625,0.0220947265625,0.0218048095703125,0.10455322265625,0.0557861328125,0.054229736328125,0.021820068359375,0.0218048095703125,0.382080078125,0.035003662109375,0.0233306884765625,0.021820068359375,0.021820068359375,0.0218048095703125,0.021820068359375
2fde_pose4_corrected_A,93,0.0210113525390625,0.02099609375,0.0210113525390625,0.0210113525390625,0.02099609375,0.02099609375,0.02099609375,0.472900390625,0.021026611328125,0.0210113525390625,0.02099609375,0.0210113525390625,0.02099609375,0.0210113525390625,0.0210113525390625,0.0210418701171875,0.021026611328125,0.1490478515625,0.0210113525390625,0.021026611328125
2fde_pose4_corrected_A,94,0.005908966064453125,0.0059051513671875,0.0060882568359375,0.00594329833984375,0.0059051513671875,0.88671875,0.0059051513671875,0.0059051513671875,0.00591278076171875,0.00597381591796875,0.0059051513671875,0.006633758544921875,0.00591278076171875,0.005950927734375,0.00592041015625,0.005939483642578125,0.00592041015625,0.005908966064453125,0.0059051513671875,0.0059051513671875
2fde_pose4_corrected_A,95,0.3603515625,0.08917236328125,0.024261474609375,0.0242767333984375,0.09320068359375,0.0248565673828125,0.0242462158203125,0.0247039794921875,0.024261474609375,0.0279693603515625,0.027099609375,0.0242462158203125,0.0242462158203125,0.024261474609375,0.024261474609375,0.0296173095703125,0.025421142578125,0.02996826171875,0.03924560546875,0.03436279296875
2fde_pose4_corrected_A,96,0.02484130859375,0.02239990234375,0.0209808349609375,0.04144287109375,0.0227508544921875,0.0210723876953125,0.202880859375,0.0209808349609375,0.10186767578125,0.0209808349609375,0.06005859375,0.02215576171875,0.020965576171875,0.112060546875,0.1591796875,0.0360107421875,0.02374267578125,0.02117919921875,0.0230255126953125,0.021484375
2fde_pose4_corrected_A,97,0.029815673828125,0.0255584716796875,0.0209503173828125,0.020965576171875,0.036865234375,0.035888671875,0.0209503173828125,0.061370849609375,0.0209503173828125,0.456298828125,0.04931640625,0.020965576171875,0.02130126953125,0.020965576171875,0.0209808349609375,0.0211334228515625,0.0230255126953125,0.041259765625,0.0235748291015625,0.02777099609375
2fde_pose4_corrected_A,98,0.04815673828125,0.02227783203125,0.060028076171875,0.0628662109375,0.0190277099609375,0.02294921875,0.045379638671875,0.022796630859375,0.11767578125,0.0187835693359375,0.01904296875,0.09344482421875,0.0187835693359375,0.103271484375,0.07080078125,0.10601806640625,0.078857421875,0.028045654296875,0.0197296142578125,0.02203369140625
2fde_pose4_corrected_A,99,0.0284576416015625,0.11468505859375,0.025726318359375,0.0257110595703125,0.224365234375,0.04461669921875,0.0294036865234375,0.0256805419921875,0.0262451171875,0.0289764404296875,0.0301666259765625,0.0266265869140625,0.02581787109375,0.0257720947265625,0.0267181396484375,0.030792236328125,0.0275115966796875,0.0258026123046875,0.119873046875,0.0870361328125
2fde_pose4_corrected_B,100,0.049957275390625,0.0290069580078125,0.05133056640625,0.06854248046875,0.021636962890625,0.0341796875,0.038299560546875,0.0249481201171875,0.07464599609375,0.0222625732421875,0.1505126953125,0.0355224609375,0.0706787109375,0.07855224609375,0.05712890625,0.06353759765625,0.055419921875,0.0308685302734375,0.0206451416015625,0.022430419921875
2fde_pose4_corrected_B,101,0.025115966796875,0.0234222412109375,0.026275634765625,0.049560546875,0.02117919921875,0.02117919921875,0.09149169921875,0.0212860107421875,0.1302490234375,0.0211944580078125,0.0325927734375,0.05572509765625,0.02117919921875,0.0653076171875,0.1358642578125,0.045562744140625,0.146728515625,0.0236968994140625,0.0211944580078125,0.0211944580078125
2fde_pose4_corrected_B,102,0.02392578125,0.023895263671875,0.0239105224609375,0.02392578125,0.056640625,0.0240020751953125,0.024993896484375,0.11566162109375,0.028106689453125,0.1671142578125,0.08636474609375,0.0239105224609375,0.023895263671875,0.02471923828125,0.037872314453125,0.0239410400390625,0.024139404296875,0.046417236328125,0.1348876953125,0.06170654296875
2fde_pose4_corrected_B,103,0.0179443359375,0.0179443359375,0.0236358642578125,0.0181884765625,0.0179443359375,0.0179443359375,0.018524169921875,0.0179443359375,0.018707275390625,0.0179443359375,0.0181884765625,0.0225067138671875,0.64599609375,0.017974853515625,0.018035888671875,0.018707275390625,0.0182037353515625,0.0179443359375,0.0179443359375,0.0179443359375
2fde_pose4_corrected_B,104,0.009674072265625,0.00966644287109375,0.009674072265625,0.00968170166015625,0.00968170166015625,0.009735107421875,0.00977325439453125,0.0123138427734375,0.009674072265625,0.8046875,0.0108642578125,0.00970458984375,0.00966644287109375,0.01007843017578125,0.009674072265625,0.00968170166015625,0.0099639892578125,0.016571044921875,0.009674072265625,0.00968170166015625
2fde_pose4_corrected_B,105,0.0196685791015625,0.01499176025390625,0.036651611328125,0.02764892578125,0.0257568359375,0.01340484619140625,0.04949951171875,0.01312255859375,0.03411865234375,0.01364898681640625,0.0140533447265625,0.033599853515625,0.01311492919921875,0.029388427734375,0.035675048828125,0.07318115234375,0.052764892578125,0.014404296875,0.44677734375,0.038421630859375
2fde_pose4_corrected_B,106,0.0408935546875,0.0249481201171875,0.038818359375,0.09698486328125,0.021331787109375,0.019866943359375,0.08770751953125,0.02227783203125,0.10467529296875,0.020263671875,0.023529052734375,0.05328369140625,0.019866943359375,0.121337890625,0.059051513671875,0.06549072265625,0.09759521484375,0.038787841796875,0.0206756591796875,0.0227203369140625
2fde_pose4_corrected_B,107,0.030487060546875,0.0211944580078125,0.038299560546875,0.039459228515625,0.02142333984375,0.021209716796875,0.0214691162109375,0.04217529296875,0.096435546875,0.06842041015625,0.054046630859375,0.034332275390625,0.10052490234375,0.061126708984375,0.173583984375,0.029998779296875,0.031951904296875,0.068359375,0.0237274169921875,0.021881103515625
2fde_pose4_corrected_B,108,0.002447128295898437,0.002445220947265625,0.002445220947265625,0.002447128295898437,0.002445220947265625,0.0024967193603515625,0.002445220947265625,0.002445220947265625,0.002447128295898437,0.002445220947265625,0.002445220947265625,0.002445220947265625,0.95361328125,0.002447128295898437,0.002447128295898437,0.00244903564453125,0.002445220947265625,0.002445220947265625,0.002447128295898437,0.002447128295898437
2fde_pose4_corrected_B,109,0.0263214111328125,0.022003173828125,0.041412353515625,0.062164306640625,0.023895263671875,0.021636962890625,0.0306396484375,0.061798095703125,0.0701904296875,0.08148193359375,0.08673095703125,0.036346435546875,0.021453857421875,0.0654296875,0.0869140625,0.0372314453125,0.07562255859375,0.08050537109375,0.035888671875,0.032379150390625
2fde_pose4_corrected_B,110,0.02484130859375,0.025787353515625,0.02484130859375,0.0273284912109375,0.038726806640625,0.026123046875,0.0256500244140625,0.359619140625,0.02490234375,0.06884765625,0.03033447265625,0.02484130859375,0.0248260498046875,0.0281524658203125,0.025909423828125,0.0255279541015625,0.0292816162109375,0.11090087890625,0.02484130859375,0.028564453125
2fde_pose4_corrected_B,111,0.0219268798828125,0.0210113525390625,0.042816162109375,0.07257080078125,0.022216796875,0.0208892822265625,0.07855224609375,0.029327392578125,0.0853271484375,0.0241851806640625,0.02264404296875,0.04962158203125,0.0208740234375,0.07269287109375,0.083740234375,0.048004150390625,0.1949462890625,0.041351318359375,0.0218505859375,0.025482177734375
2fde_pose4_corrected_B,112,0.036224365234375,0.06341552734375,0.0237884521484375,0.0241241455078125,0.0577392578125,0.04071044921875,0.0253448486328125,0.2244873046875,0.023773193359375,0.04461669921875,0.06591796875,0.025543212890625,0.0237274169921875,0.025421142578125,0.0256195068359375,0.0325927734375,0.029388427734375,0.10662841796875,0.0299835205078125,0.071044921875
2fde_pose4_corrected_B,113,0.02532958984375,0.023834228515625,0.0276947021484375,0.11865234375,0.0243682861328125,0.0195770263671875,0.045989990234375,0.06768798828125,0.08160400390625,0.0202178955078125,0.0302276611328125,0.04864501953125,0.019561767578125,0.06744384765625,0.09722900390625,0.039825439453125,0.097900390625,0.0855712890625,0.0235595703125,0.03515625
2fde_pose4_corrected_B,114,0.0254058837890625,0.033172607421875,0.023468017578125,0.023193359375,0.0660400390625,0.0231781005859375,0.02587890625,0.295654296875,0.0231781005859375,0.0687255859375,0.035308837890625,0.0232391357421875,0.023162841796875,0.023193359375,0.023193359375,0.0238037109375,0.02569580078125,0.1307373046875,0.0231781005859375,0.06060791015625
2fde_pose4_corrected_B,115,0.049835205078125,0.08343505859375,0.0810546875,0.04144287109375,0.1082763671875,0.09490966796875,0.056243896484375,0.023681640625,0.024261474609375,0.023681640625,0.0267486572265625,0.1197509765625,0.0236663818359375,0.054473876953125,0.0238037109375,0.056610107421875,0.0247039794921875,0.023712158203125,0.023681640625,0.0360107421875
2fde_pose4_corrected_B,116,0.0096435546875,0.00960540771484375,0.009613037109375,0.00962066650390625,0.00960540771484375,0.8173828125,0.00960540771484375,0.00960540771484375,0.009613037109375,0.00960540771484375,0.00960540771484375,0.009613037109375,0.00960540771484375,0.009613037109375,0.009613037109375,0.009613037109375,0.009613037109375,0.00960540771484375,0.00960540771484375,0.00960540771484375
2fde_pose4_corrected_B,117,0.02276611328125,0.0225372314453125,0.022216796875,0.06884765625,0.021942138671875,0.022003173828125,0.036590576171875,0.0233154296875,0.1253662109375,0.0276031494140625,0.03997802734375,0.029052734375,0.021942138671875,0.31982421875,0.07464599609375,0.031646728515625,0.02392578125,0.0219573974609375,0.0219573974609375,0.0219879150390625
2fde_pose4_corrected_B,118,0.0250396728515625,0.020965576171875,0.069580078125,0.10296630859375,0.0223541259765625,0.0204315185546875,0.05322265625,0.034393310546875,0.0643310546875,0.0400390625,0.0289154052734375,0.0670166015625,0.020111083984375,0.07647705078125,0.06732177734375,0.0673828125,0.12005615234375,0.045013427734375,0.031494140625,0.022796630859375
2fde_pose4_corrected_B,119,0.035400390625,0.04278564453125,0.027313232421875,0.035675048828125,0.055450439453125,0.035888671875,0.03900146484375,0.11669921875,0.052276611328125,0.11083984375,0.073974609375,0.025970458984375,0.02545166015625,0.0306854248046875,0.05511474609375,0.0330810546875,0.0355224609375,0.0966796875,0.025482177734375,0.046630859375
2fde_pose4_corrected_B,120,0.023468017578125,0.0200653076171875,0.036407470703125,0.0966796875,0.031982421875,0.020111083984375,0.06463623046875,0.0250701904296875,0.09765625,0.0227813720703125,0.0240478515625,0.06951904296875,0.020050048828125,0.116455078125,0.09130859375,0.061614990234375,0.087890625,0.0380859375,0.02008056640625,0.0321044921875
2fde_pose4_corrected_B,121,0.061004638671875,0.09600830078125,0.027008056640625,0.0270233154296875,0.1142578125,0.0274505615234375,0.040008544921875,0.064208984375,0.0264434814453125,0.05633544921875,0.053558349609375,0.028076171875,0.07464599609375,0.02740478515625,0.02947998046875,0.03326416015625,0.0311431884765625,0.0743408203125,0.0438232421875,0.06451416015625
2fde_pose4_corrected_B,122,0.040740966796875,0.0225372314453125,0.037628173828125,0.051422119140625,0.0282745361328125,0.0227813720703125,0.035888671875,0.08416748046875,0.034912109375,0.10888671875,0.0594482421875,0.044891357421875,0.0210723876953125,0.14892578125,0.041168212890625,0.029052734375,0.0308074951171875,0.07647705078125,0.046417236328125,0.0345458984375
2fde_pose4_corrected_B,123,0.03375244140625,0.0284271240234375,0.026580810546875,0.026580810546875,0.03106689453125,0.026580810546875,0.026580810546875,0.2462158203125,0.026580810546875,0.15087890625,0.0743408203125,0.026580810546875,0.026580810546875,0.027191162109375,0.0296783447265625,0.026580810546875,0.026611328125,0.0853271484375,0.026580810546875,0.0272369384765625
2fde_pose4_corrected_B,124,0.034942626953125,0.06622314453125,0.23974609375,0.022857666015625,0.02197265625,0.0273895263671875,0.03509521484375,0.0221710205078125,0.028594970703125,0.0219573974609375,0.0284881591796875,0.1199951171875,0.0219268798828125,0.023712158203125,0.02630615234375,0.157958984375,0.03240966796875,0.024505615234375,0.0219268798828125,0.021942138671875
2fde_pose4_corrected_B,125,0.041107177734375,0.035430908203125,0.0192108154296875,0.019195556640625,0.019195556640625,0.019195556640625,0.0191802978515625,0.01922607421875,0.0191802978515625,0.01953125,0.019195556640625,0.0202789306640625,0.0191802978515625,0.019195556640625,0.019195556640625,0.21533203125,0.397705078125,0.0211334228515625,0.019195556640625,0.019195556640625
2fde_pose4_corrected_B,126,0.0003850460052490234,0.00038528442382812495,0.00038576126098632807,0.00038552284240722656,0.0003850460052490234,0.99267578125,0.0003850460052490234,0.0003850460052490234,0.00038528442382812495,0.00038528442382812495,0.0003850460052490234,0.0003850460052490234,0.0003850460052490234,0.00038552284240722656,0.00038552284240722656,0.00038528442382812495,0.0003850460052490234,0.00038528442382812495,0.00038552284240722656,0.00038528442382812495
2fde_pose4_corrected_B,127,0.1103515625,0.123291015625,0.035736083984375,0.04425048828125,0.04571533203125,0.023101806640625,0.05780029296875,0.0222930908203125,0.038421630859375,0.022369384765625,0.0638427734375,0.0367431640625,0.0222930908203125,0.0584716796875,0.04986572265625,0.098876953125,0.02520751953125,0.0222930908203125,0.023468017578125,0.0755615234375
2fde_pose4_corrected_B,128,0.0255279541015625,0.0240936279296875,0.265380859375,0.072021484375,0.0231170654296875,0.034393310546875,0.0269317626953125,0.031341552734375,0.0285797119140625,0.0245361328125,0.033050537109375,0.0426025390625,0.0312347412109375,0.053314208984375,0.032257080078125,0.042724609375,0.09759521484375,0.05914306640625,0.029571533203125,0.0225830078125
2fde_pose4_corrected_B,129,0.024810791015625,0.029296875,0.060089111328125,0.06634521484375,0.060394287109375,0.0223236083984375,0.08795166015625,0.035125732421875,0.052825927734375,0.0252838134765625,0.029266357421875,0.0804443359375,0.0206146240234375,0.050537109375,0.081787109375,0.048431396484375,0.037078857421875,0.0305633544921875,0.02459716796875,0.1322021484375
2fde_pose4_corrected_B,130,0.0240631103515625,0.04791259765625,0.04400634765625,0.022186279296875,0.0357666015625,0.0216064453125,0.0255126953125,0.0267181396484375,0.0215911865234375,0.0298309326171875,0.040008544921875,0.0860595703125,0.021575927734375,0.02581787109375,0.02252197265625,0.036468505859375,0.34033203125,0.07476806640625,0.025390625,0.0278167724609375
2fde_pose4_corrected_B,131,0.02679443359375,0.06524658203125,0.023193359375,0.023193359375,0.03594970703125,0.023193359375,0.050567626953125,0.1298828125,0.0243072509765625,0.029296875,0.0288848876953125,0.0261993408203125,0.0231781005859375,0.023193359375,0.0295562744140625,0.02337646484375,0.044921875,0.301025390625,0.033111572265625,0.034820556640625
2fde_pose4_corrected_B,132,0.021575927734375,0.0263824462890625,0.0208282470703125,0.0208282470703125,0.197998046875,0.0208282470703125,0.022491455078125,0.11541748046875,0.0216217041015625,0.206787109375,0.0274505615234375,0.022186279296875,0.0208282470703125,0.020843505859375,0.020843505859375,0.021240234375,0.0222625732421875,0.10052490234375,0.0234527587890625,0.0455322265625
2fde_pose4_corrected_B,133,0.0206451416015625,0.0191192626953125,0.0190582275390625,0.019073486328125,0.0190582275390625,0.019073486328125,0.0288848876953125,0.01910400390625,0.038055419921875,0.0190582275390625,0.0195159912109375,0.0194549560546875,0.5888671875,0.0258941650390625,0.0258941650390625,0.02044677734375,0.020538330078125,0.02008056640625,0.0190582275390625,0.019073486328125
2fde_pose4_corrected_B,134,0.071044921875,0.023223876953125,0.06201171875,0.09912109375,0.0245361328125,0.0225982666015625,0.0474853515625,0.0228118896484375,0.0792236328125,0.022674560546875,0.0281524658203125,0.049835205078125,0.1551513671875,0.07708740234375,0.04681396484375,0.054962158203125,0.037628173828125,0.0259246826171875,0.024322509765625,0.0253448486328125
2fde_pose4_corrected_B,135,0.053924560546875,0.04351806640625,0.0248260498046875,0.0262908935546875,0.049468994140625,0.030731201171875,0.0679931640625,0.06805419921875,0.031280517578125,0.1116943359375,0.1219482421875,0.027862548828125,0.024810791015625,0.04119873046875,0.040191650390625,0.03863525390625,0.06341552734375,0.058319091796875,0.036834716796875,0.0389404296875
2fde_pose4_corrected_B,136,0.053863525390625,0.02301025390625,0.108642578125,0.08831787109375,0.020843505859375,0.048126220703125,0.035125732421875,0.0208587646484375,0.07623291015625,0.0210418701171875,0.021881103515625,0.11761474609375,0.053009033203125,0.0670166015625,0.041412353515625,0.08380126953125,0.054046630859375,0.0229949951171875,0.02117919921875,0.0211334228515625
2fde_pose4_corrected_B,137,0.0233612060546875,0.03668212890625,0.021087646484375,0.0211029052734375,0.09820556640625,0.0210723876953125,0.028045654296875,0.1678466796875,0.021759033203125,0.10809326171875,0.070068359375,0.02154541015625,0.0210723876953125,0.0232086181640625,0.0249786376953125,0.0221099853515625,0.0225677490234375,0.18017578125,0.0251007080078125,0.042022705078125
2fde_pose4_corrected_B,138,0.045654296875,0.02166748046875,0.05975341796875,0.05206298828125,0.022857666015625,0.04248046875,0.030364990234375,0.0216522216796875,0.0455322265625,0.0236663818359375,0.023712158203125,0.054931640625,0.305419921875,0.04376220703125,0.033477783203125,0.066650390625,0.03985595703125,0.0220947265625,0.0216522216796875,0.022857666015625
2fde_pose4_corrected_B,139,0.00717926025390625,0.007167816162109375,0.007175445556640625,0.007183074951171875,0.007171630859375,0.86328125,0.00722503662109375,0.007171630859375,0.007183074951171875,0.007175445556640625,0.007167816162109375,0.007171630859375,0.007167816162109375,0.00738525390625,0.007190704345703125,0.00725555419921875,0.007175445556640625,0.007171630859375,0.007175445556640625,0.00717926025390625
2fde_pose4_corrected_B,140,0.045013427734375,0.019134521484375,0.07159423828125,0.080078125,0.0205535888671875,0.0206756591796875,0.034088134765625,0.0211944580078125,0.08184814453125,0.019927978515625,0.0225067138671875,0.079833984375,0.083740234375,0.07025146484375,0.05096435546875,0.11248779296875,0.0994873046875,0.0283355712890625,0.0191192626953125,0.019134521484375
2fde_pose4_corrected_B,141,0.039093017578125,0.026153564453125,0.02471923828125,0.027374267578125,0.11407470703125,0.026611328125,0.06732177734375,0.0205535888671875,0.03973388671875,0.02203369140625,0.029937744140625,0.0264892578125,0.0200347900390625,0.028961181640625,0.0260772705078125,0.054656982421875,0.05291748046875,0.02386474609375,0.1934814453125,0.1358642578125
2fde_pose4_corrected_B,142,0.048187255859375,0.0298919677734375,0.04339599609375,0.10015869140625,0.04241943359375,0.0243377685546875,0.042083740234375,0.0194244384765625,0.091552734375,0.0288543701171875,0.0322265625,0.061614990234375,0.01959228515625,0.10491943359375,0.07989501953125,0.07940673828125,0.0433349609375,0.0210113525390625,0.038818359375,0.048919677734375
2fde_pose4_corrected_B,143,0.06494140625,0.0204620361328125,0.07916259765625,0.08306884765625,0.0208587646484375,0.0271453857421875,0.051300048828125,0.02154541015625,0.075927734375,0.023162841796875,0.037322998046875,0.0465087890625,0.1036376953125,0.07269287109375,0.051300048828125,0.1070556640625,0.0469970703125,0.02362060546875,0.0208587646484375,0.0223846435546875
2fde_pose4_corrected_B,144,0.07586669921875,0.111083984375,0.06549072265625,0.03411865234375,0.022186279296875,0.0240936279296875,0.02935791015625,0.038116455078125,0.035247802734375,0.0230865478515625,0.035980224609375,0.0286865234375,0.0221710205078125,0.0338134765625,0.031280517578125,0.061492919921875,0.2421875,0.041351318359375,0.022186279296875,0.022216796875
2fde_pose4_corrected_B,145,0.02447509765625,0.024688720703125,0.0211334228515625,0.080810546875,0.02142333984375,0.0211029052734375,0.0243377685546875,0.03948974609375,0.056854248046875,0.0211029052734375,0.0408935546875,0.0211181640625,0.0211029052734375,0.0655517578125,0.0550537109375,0.06964111328125,0.28271484375,0.060699462890625,0.0261688232421875,0.0217132568359375
2fde_pose4_corrected_B,146,0.0305023193359375,0.0277252197265625,0.027191162109375,0.0292510986328125,0.061431884765625,0.027496337890625,0.03216552734375,0.1817626953125,0.0386962890625,0.05322265625,0.0286712646484375,0.0271759033203125,0.0271759033203125,0.0286712646484375,0.038238525390625,0.0279998779296875,0.03472900390625,0.19189453125,0.03155517578125,0.054534912109375
2fde_pose4_corrected_B,147,0.049102783203125,0.047760009765625,0.0416259765625,0.051544189453125,0.0274810791015625,0.0599365234375,0.041290283203125,0.020050048828125,0.039642333984375,0.020050048828125,0.0204620361328125,0.048583984375,0.020050048828125,0.0394287109375,0.04388427734375,0.317138671875,0.041961669921875,0.020050048828125,0.020294189453125,0.0296630859375
2fde_pose4_corrected_B,148,0.0237579345703125,0.01910400390625,0.044525146484375,0.0194549560546875,0.0243682861328125,0.537109375,0.0207061767578125,0.0186309814453125,0.02313232421875,0.019775390625,0.0187530517578125,0.0233154296875,0.0185699462890625,0.0221099853515625,0.0235595703125,0.036376953125,0.018798828125,0.0186004638671875,0.0185699462890625,0.05084228515625
2fde_pose4_corrected_B,149,0.0197601318359375,0.0184783935546875,0.022430419921875,0.0201568603515625,0.018707275390625,0.02099609375,0.0185394287109375,0.4541015625,0.0184326171875,0.041778564453125,0.02325439453125,0.0236968994140625,0.02447509765625,0.0196533203125,0.019439697265625,0.0223846435546875,0.036529541015625,0.140380859375,0.018463134765625,0.0184326171875
2fde_pose4_corrected_B,150,0.004032135009765625,0.0040283203125,0.004032135009765625,0.004032135009765625,0.004032135009765625,0.92333984375,0.004032135009765625,0.004032135009765625,0.004032135009765625,0.004032135009765625,0.0040283203125,0.00403594970703125,0.004032135009765625,0.004032135009765625,0.004032135009765625,0.004032135009765625,0.004032135009765625,0.004032135009765625,0.004032135009765625,0.00403594970703125
2fde_pose4_corrected_B,151,0.0036716461181640634,0.003612518310546875,0.003614425659179688,0.0036163330078125,0.003614425659179688,0.93115234375,0.003614425659179688,0.003614425659179688,0.0036163330078125,0.003614425659179688,0.003614425659179688,0.0036773681640625,0.003614425659179688,0.0036163330078125,0.003618240356445313,0.0038394927978515625,0.003620147705078125,0.0036163330078125,0.003614425659179688,0.0036163330078125
2fde_pose4_corrected_B,152,0.041778564453125,0.088134765625,0.039398193359375,0.065673828125,0.048248291015625,0.0234832763671875,0.035675048828125,0.021575927734375,0.050140380859375,0.021575927734375,0.0242462158203125,0.039459228515625,0.021575927734375,0.04119873046875,0.038726806640625,0.2548828125,0.041839599609375,0.021575927734375,0.0360107421875,0.044830322265625
2fde_pose4_corrected_B,153,0.0268707275390625,0.0263671875,0.0263824462890625,0.0264739990234375,0.030181884765625,0.0263824462890625,0.0263671875,0.2193603515625,0.03857421875,0.039886474609375,0.031463623046875,0.0263824462890625,0.0263671875,0.0418701171875,0.03955078125,0.0269622802734375,0.0399169921875,0.2276611328125,0.026397705078125,0.0266265869140625
2fde_pose4_corrected_B,154,0.0316162109375,0.0214080810546875,0.06201171875,0.089599609375,0.0214080810546875,0.0214080810546875,0.041046142578125,0.039581298828125,0.1014404296875,0.026214599609375,0.0238494873046875,0.059600830078125,0.0218048095703125,0.09625244140625,0.087158203125,0.054473876953125,0.08953857421875,0.06732177734375,0.0214080810546875,0.0227813720703125
2fde_pose4_corrected_B,155,0.04425048828125,0.08038330078125,0.0232086181640625,0.0233917236328125,0.0758056640625,0.0247650146484375,0.0243072509765625,0.1075439453125,0.023406982421875,0.08203125,0.04931640625,0.023223876953125,0.023193359375,0.0242462158203125,0.024261474609375,0.0276947021484375,0.030303955078125,0.215087890625,0.0232086181640625,0.050384521484375
2fde_pose4_corrected_B,156,0.0273284912109375,0.0218658447265625,0.05535888671875,0.066162109375,0.02587890625,0.02093505859375,0.041778564453125,0.02093505859375,0.12164306640625,0.04144287109375,0.041595458984375,0.0457763671875,0.0209197998046875,0.1138916015625,0.147216796875,0.061126708984375,0.028106689453125,0.02093505859375,0.04644775390625,0.0306243896484375
2fde_pose4_corrected_B,157,0.035491943359375,0.0335693359375,0.0335693359375,0.05645751953125,0.051666259765625,0.0255279541015625,0.08343505859375,0.067626953125,0.06610107421875,0.0911865234375,0.052154541015625,0.03955078125,0.020050048828125,0.063232421875,0.07794189453125,0.031341552734375,0.0264434814453125,0.0550537109375,0.0271759033203125,0.0623779296875
2fde_pose4_corrected_B,158,0.0165863037109375,0.016571044921875,0.0166168212890625,0.0166015625,0.044586181640625,0.0165863037109375,0.01800537109375,0.0165863037109375,0.0165863037109375,0.0165863037109375,0.016571044921875,0.0165863037109375,0.016571044921875,0.0166015625,0.018280029296875,0.0166168212890625,0.0165863037109375,0.0165863037109375,0.0165863037109375,0.65380859375
2fde_pose4_corrected_B,159,0.04144287109375,0.0284576416015625,0.0684814453125,0.1048583984375,0.0232696533203125,0.0283203125,0.0302734375,0.0224761962890625,0.085693359375,0.02276611328125,0.0266265869140625,0.08990478515625,0.02001953125,0.060302734375,0.0806884765625,0.07879638671875,0.10260009765625,0.03369140625,0.0218353271484375,0.0295867919921875
2fde_pose4_corrected_B,160,0.027374267578125,0.0203094482421875,0.1312255859375,0.0360107421875,0.0205078125,0.093994140625,0.06268310546875,0.0203094482421875,0.03515625,0.0203094482421875,0.0203094482421875,0.27490234375,0.0203094482421875,0.037689208984375,0.0290374755859375,0.068359375,0.0205535888671875,0.02032470703125,0.0203094482421875,0.0203704833984375
2fde_pose4_corrected_B,161,0.0377197265625,0.0313720703125,0.0244140625,0.0266265869140625,0.0579833984375,0.0244140625,0.02886962890625,0.136474609375,0.042694091796875,0.0718994140625,0.101806640625,0.026123046875,0.025146484375,0.041229248046875,0.038726806640625,0.0294189453125,0.04058837890625,0.1251220703125,0.0298004150390625,0.0596923828125
2fde_pose4_corrected_B,162,0.060272216796875,0.020172119140625,0.050323486328125,0.0751953125,0.0239410400390625,0.04583740234375,0.0750732421875,0.021240234375,0.0765380859375,0.044219970703125,0.0266876220703125,0.05584716796875,0.09503173828125,0.072509765625,0.048431396484375,0.07781982421875,0.03424072265625,0.0217437744140625,0.049224853515625,0.025634765625
2fde_pose4_corrected_B,163,0.0195159912109375,0.0297698974609375,0.019500732421875,0.019500732421875,0.0194854736328125,0.0194854736328125,0.0249481201171875,0.366943359375,0.01953125,0.06268310546875,0.051239013671875,0.0194854736328125,0.0194854736328125,0.019805908203125,0.0195159912109375,0.0221710205078125,0.0311126708984375,0.1767578125,0.019500732421875,0.019500732421875
2fde_pose4_corrected_B,164,0.022552490234375,0.02874755859375,0.0225677490234375,0.0484619140625,0.022552490234375,0.022552490234375,0.024658203125,0.058502197265625,0.077392578125,0.02301025390625,0.02606201171875,0.031158447265625,0.022552490234375,0.0384521484375,0.036468505859375,0.02276611328125,0.328369140625,0.0892333984375,0.030609130859375,0.0233306884765625
2fde_pose4_corrected_B,165,0.022705078125,0.030029296875,0.0223541259765625,0.0223388671875,0.1590576171875,0.0223236083984375,0.023834228515625,0.184326171875,0.0223846435546875,0.0899658203125,0.03759765625,0.0223541259765625,0.0223236083984375,0.0227508544921875,0.0223541259765625,0.0224456787109375,0.022491455078125,0.15283203125,0.02423095703125,0.051239013671875
2fde_pose4_corrected_B,166,0.083984375,0.133544921875,0.119873046875,0.039581298828125,0.0282135009765625,0.0433349609375,0.038604736328125,0.027679443359375,0.0255889892578125,0.0276641845703125,0.03326416015625,0.1343994140625,0.024658203125,0.031646728515625,0.0246734619140625,0.06365966796875,0.027130126953125,0.028778076171875,0.029052734375,0.034698486328125
2fde_pose4_corrected_B,167,0.003864288330078125,0.0038223266601562496,0.0038356781005859375,0.003826141357421875,0.0038242340087890634,0.92724609375,0.0038223266601562496,0.0038242340087890634,0.0038242340087890634,0.0038299560546875,0.0038242340087890634,0.0038242340087890634,0.0038223266601562496,0.0038242340087890634,0.003826141357421875,0.0038299560546875,0.003940582275390625,0.0038242340087890634,0.003826141357421875,0.003826141357421875
2fde_pose4_corrected_B,168,0.033294677734375,0.041534423828125,0.0296783447265625,0.043792724609375,0.046661376953125,0.0227813720703125,0.0821533203125,0.054229736328125,0.09722900390625,0.022796630859375,0.022796630859375,0.03179931640625,0.0228118896484375,0.05084228515625,0.08892822265625,0.035003662109375,0.07330322265625,0.1009521484375,0.03631591796875,0.06317138671875
2fde_pose4_corrected_B,169,0.059295654296875,0.020843505859375,0.07763671875,0.07452392578125,0.0209808349609375,0.0214385986328125,0.04412841796875,0.02069091796875,0.0716552734375,0.0208587646484375,0.0250701904296875,0.0643310546875,0.07440185546875,0.085693359375,0.05364990234375,0.1473388671875,0.0538330078125,0.020721435546875,0.0207061767578125,0.022216796875
2fde_pose4_corrected_B,170,0.06549072265625,0.050994873046875,0.02154541015625,0.0215606689453125,0.0252532958984375,0.02154541015625,0.028350830078125,0.0765380859375,0.022369384765625,0.042236328125,0.05255126953125,0.0215606689453125,0.02154541015625,0.0215606689453125,0.021575927734375,0.0215911865234375,0.0232696533203125,0.39208984375,0.0215606689453125,0.0269317626953125
2fde_pose4_corrected_B,171,0.02435302734375,0.039794921875,0.0242156982421875,0.049713134765625,0.02423095703125,0.0242156982421875,0.0242156982421875,0.1297607421875,0.05084228515625,0.029296875,0.0244293212890625,0.039031982421875,0.024200439453125,0.03533935546875,0.0576171875,0.038604736328125,0.149169921875,0.1617431640625,0.0250701904296875,0.02423095703125
2fde_pose4_corrected_B,172,0.041748046875,0.02972412109375,0.02398681640625,0.02630615234375,0.05010986328125,0.4658203125,0.0242919921875,0.0235748291015625,0.030548095703125,0.0231170654296875,0.0216827392578125,0.0225982666015625,0.0245819091796875,0.021759033203125,0.02227783203125,0.031890869140625,0.037841796875,0.0273284912109375,0.0237274169921875,0.0271148681640625
2fde_pose4_corrected_B,173,0.0292816162109375,0.0235748291015625,0.048980712890625,0.09783935546875,0.0210418701171875,0.0248870849609375,0.030181884765625,0.022552490234375,0.06524658203125,0.0210418701171875,0.03387451171875,0.0517578125,0.02117919921875,0.0531005859375,0.0782470703125,0.0601806640625,0.2474365234375,0.0271759033203125,0.0210418701171875,0.02130126953125
2fde_pose4_corrected_B,174,0.025726318359375,0.0229644775390625,0.0224609375,0.0224761962890625,0.024444580078125,0.0235443115234375,0.0224456787109375,0.193603515625,0.0224609375,0.1436767578125,0.06884765625,0.0224609375,0.0224456787109375,0.0224609375,0.0224609375,0.022491455078125,0.0243682861328125,0.2257080078125,0.0224609375,0.0224761962890625
2fde_pose4_corrected_B,175,0.022430419921875,0.0266571044921875,0.0228729248046875,0.0266876220703125,0.09295654296875,0.0211181640625,0.048095703125,0.0261993408203125,0.0239105224609375,0.043731689453125,0.03363037109375,0.08642578125,0.021209716796875,0.03204345703125,0.027679443359375,0.0238800048828125,0.02618408203125,0.0266876220703125,0.04669189453125,0.321044921875
2fde_pose4_corrected_B,176,0.0214996337890625,0.0281219482421875,0.0210723876953125,0.0242462158203125,0.169677734375,0.0210723876953125,0.0211334228515625,0.1414794921875,0.0263519287109375,0.0423583984375,0.021392822265625,0.021087646484375,0.02105712890625,0.029327392578125,0.02783203125,0.022674560546875,0.0268402099609375,0.261962890625,0.0210723876953125,0.029541015625
2fde_pose4_corrected_B,177,0.002071380615234375,0.0020923614501953125,0.0020122528076171875,0.0020122528076171875,0.002010345458984375,0.96142578125,0.002010345458984375,0.0020122528076171875,0.002017974853515625,0.00201416015625,0.002010345458984375,0.002010345458984375,0.002010345458984375,0.0020122528076171875,0.00201416015625,0.002065658569335937,0.0020122528076171875,0.0020122528076171875,0.0020580291748046875,0.0020122528076171875
2fde_pose4_corrected_B,178,0.040252685546875,0.0266571044921875,0.0736083984375,0.052581787109375,0.026641845703125,0.07684326171875,0.037139892578125,0.0266571044921875,0.04541015625,0.0266571044921875,0.026641845703125,0.0478515625,0.247802734375,0.04730224609375,0.034820556640625,0.050537109375,0.03265380859375,0.026702880859375,0.0266571044921875,0.0266571044921875
2fde_pose4_corrected_B,179,0.07757568359375,0.043121337890625,0.0260009765625,0.0263824462890625,0.02593994140625,0.02532958984375,0.030792236328125,0.04144287109375,0.0252227783203125,0.025299072265625,0.02813720703125,0.030426025390625,0.02520751953125,0.026611328125,0.025238037109375,0.043365478515625,0.060394287109375,0.363037109375,0.025238037109375,0.0252838134765625
2fde_pose4_corrected_B,180,0.006809234619140625,0.007415771484375,0.006809234619140625,0.00681304931640625,0.006809234619140625,0.006809234619140625,0.00798797607421875,0.00681304931640625,0.00681304931640625,0.006855010986328125,0.006809234619140625,0.006809234619140625,0.86865234375,0.00681304931640625,0.00681304931640625,0.00681304931640625,0.006809234619140625,0.006816864013671875,0.006839752197265625,0.006923675537109375
2fde_pose4_corrected_B,181,0.05047607421875,0.033782958984375,0.029541015625,0.06304931640625,0.047454833984375,0.019195556640625,0.040435791015625,0.041900634765625,0.10064697265625,0.0335693359375,0.08209228515625,0.0260467529296875,0.019195556640625,0.0810546875,0.11114501953125,0.05706787109375,0.04827880859375,0.04315185546875,0.02056884765625,0.051422119140625
2fde_pose4_corrected_B,182,0.02020263671875,0.0220184326171875,0.0190277099609375,0.0169525146484375,0.0224456787109375,0.038848876953125,0.04339599609375,0.016357421875,0.0161895751953125,0.0174560546875,0.0161590576171875,0.55517578125,0.0161285400390625,0.01934814453125,0.026214599609375,0.022491455078125,0.01788330078125,0.017822265625,0.05023193359375,0.0257568359375
2fde_pose4_corrected_B,183,0.01910400390625,0.019927978515625,0.0190887451171875,0.0198516845703125,0.04022216796875,0.0191192626953125,0.06048583984375,0.1661376953125,0.0239715576171875,0.11572265625,0.058349609375,0.0199127197265625,0.0190887451171875,0.03228759765625,0.04205322265625,0.01947021484375,0.0246124267578125,0.06927490234375,0.02056884765625,0.1907958984375
2fde_pose4_corrected_B,184,0.023284912109375,0.0231170654296875,0.022491455078125,0.022491455078125,0.038299560546875,0.022491455078125,0.0224609375,0.35205078125,0.0224761962890625,0.12481689453125,0.0309295654296875,0.022491455078125,0.0224609375,0.0226287841796875,0.022491455078125,0.02252197265625,0.0226898193359375,0.1064453125,0.0242919921875,0.0290985107421875
2fde_pose4_corrected_B,185,0.0016002655029296875,0.0016002655029296875,0.001598358154296875,0.0015993118286132812,0.001598358154296875,0.9697265625,0.001598358154296875,0.001598358154296875,0.001598358154296875,0.001598358154296875,0.001598358154296875,0.001598358154296875,0.001598358154296875,0.0015993118286132812,0.0015993118286132812,0.0016031265258789062,0.001598358154296875,0.0015993118286132812,0.001598358154296875,0.0015993118286132812
2fde_pose4_corrected_B,186,0.026031494140625,0.0273284912109375,0.0260467529296875,0.0308685302734375,0.0260162353515625,0.026031494140625,0.0260162353515625,0.0304412841796875,0.0289306640625,0.08245849609375,0.1168212890625,0.0765380859375,0.0260162353515625,0.07733154296875,0.2022705078125,0.02740478515625,0.06402587890625,0.02679443359375,0.0265960693359375,0.026031494140625
2fde_pose4_corrected_B,187,0.01082611083984375,0.01158905029296875,0.01352691650390625,0.01194000244140625,0.00864410400390625,0.00853729248046875,0.0085296630859375,0.0222625732421875,0.01222991943359375,0.0097503662109375,0.00926971435546875,0.7783203125,0.0085296630859375,0.01226806640625,0.01212310791015625,0.01523590087890625,0.01371002197265625,0.015045166015625,0.0087432861328125,0.0087432861328125
2fde_pose4_corrected_B,188,0.03546142578125,0.0347900390625,0.021270751953125,0.0212860107421875,0.0286865234375,0.021270751953125,0.0234222412109375,0.09405517578125,0.021270751953125,0.10888671875,0.034210205078125,0.021270751953125,0.021270751953125,0.02197265625,0.021270751953125,0.0212860107421875,0.0278472900390625,0.367919921875,0.026641845703125,0.025848388671875
2fde_pose4_corrected_B,189,0.020172119140625,0.0233306884765625,0.018798828125,0.0191192626953125,0.022491455078125,0.018798828125,0.0196990966796875,0.022003173828125,0.0190887451171875,0.50439453125,0.11676025390625,0.0234527587890625,0.0187835693359375,0.0301361083984375,0.019989013671875,0.0217437744140625,0.0226287841796875,0.02081298828125,0.0188140869140625,0.0188140869140625
2fde_pose4_corrected_B,190,0.10418701171875,0.0521240234375,0.03289794921875,0.037933349609375,0.0217437744140625,0.021820068359375,0.0247344970703125,0.0244903564453125,0.042633056640625,0.0217437744140625,0.05096435546875,0.04058837890625,0.02203369140625,0.20166015625,0.08270263671875,0.1097412109375,0.033935546875,0.0306243896484375,0.0217437744140625,0.021759033203125
2fde_pose4_corrected_B,191,0.0176239013671875,0.017608642578125,0.01873779296875,0.03863525390625,0.0176544189453125,0.0211334228515625,0.0220794677734375,0.01910400390625,0.051605224609375,0.06329345703125,0.032318115234375,0.0176239013671875,0.017608642578125,0.533203125,0.0229034423828125,0.0180511474609375,0.01763916015625,0.017669677734375,0.017608642578125,0.0178070068359375
2fde_pose4_corrected_B,192,0.0220947265625,0.02203369140625,0.02203369140625,0.0220794677734375,0.0220489501953125,0.02203369140625,0.02203369140625,0.4765625,0.0220489501953125,0.02252197265625,0.02362060546875,0.0228424072265625,0.02203369140625,0.022064208984375,0.022064208984375,0.022125244140625,0.0220489501953125,0.120849609375,0.0220489501953125,0.0247344970703125
2fde_pose4_corrected_B,193,0.023529052734375,0.0226898193359375,0.10394287109375,0.035125732421875,0.022369384765625,0.1707763671875,0.1103515625,0.022369384765625,0.038421630859375,0.0223846435546875,0.0225067138671875,0.204345703125,0.022369384765625,0.03033447265625,0.0258636474609375,0.033111572265625,0.0223846435546875,0.0223846435546875,0.022369384765625,0.0223846435546875
2fde_pose4_corrected_B,194,0.02886962890625,0.049102783203125,0.024871826171875,0.0248870849609375,0.02984619140625,0.024871826171875,0.0248565673828125,0.180908203125,0.024871826171875,0.03387451171875,0.0904541015625,0.024871826171875,0.0248565673828125,0.0251007080078125,0.0248870849609375,0.0248870849609375,0.024871826171875,0.26318359375,0.024871826171875,0.02490234375
2fde_pose4_corrected_B,195,0.0701904296875,0.049530029296875,0.02728271484375,0.0474853515625,0.0204925537109375,0.0204620361328125,0.036773681640625,0.0233612060546875,0.08795166015625,0.0204620361328125,0.03497314453125,0.036346435546875,0.0204620361328125,0.06402587890625,0.06964111328125,0.0987548828125,0.069091796875,0.1617431640625,0.0204925537109375,0.0204925537109375
2fde_pose4_corrected_B,196,0.0113067626953125,0.0121612548828125,0.0113067626953125,0.01131439208984375,0.0113067626953125,0.0113067626953125,0.0113067626953125,0.01251983642578125,0.01131439208984375,0.779296875,0.01325225830078125,0.0113067626953125,0.0113067626953125,0.01131439208984375,0.01131439208984375,0.01131439208984375,0.01213836669921875,0.0119781494140625,0.01131439208984375,0.011749267578125
2fde_pose4_corrected_B,197,0.0288848876953125,0.030914306640625,0.02667236328125,0.03411865234375,0.0220947265625,0.018310546875,0.087158203125,0.0986328125,0.071044921875,0.02899169921875,0.023895263671875,0.0718994140625,0.0178680419921875,0.060028076171875,0.05682373046875,0.072998046875,0.10540771484375,0.08941650390625,0.028350830078125,0.0264739990234375
2fde_pose4_corrected_B,198,0.0264129638671875,0.10986328125,0.026397705078125,0.0264129638671875,0.3525390625,0.070556640625,0.0343017578125,0.026397705078125,0.0264129638671875,0.026397705078125,0.026458740234375,0.0277252197265625,0.02642822265625,0.0264129638671875,0.0264129638671875,0.02679443359375,0.026397705078125,0.0264129638671875,0.0277557373046875,0.033599853515625
